Tip Matrice,Nr threads,Timp executie
N=10 M=10 n=3 m=3,1,1.02583
,4,1.22936
,,
N=1000 M=1000 n=5 m=5,1,146.79787
,2,96.19703
,4,74.37376
,8,63.82098
,16,66.70397
,,
N=10 M=10000 n=5 m=5,1,41.72121
,2,45.47922
,4,62.63723
,8,74.71323
,16,68.34673
,,
N=10000 M=10 n=5 m=5,1,28.65365
,2,29.83326
,4,28.15628
,8,45.15832
,16,54.29135
