{"cameraMode":{"drawMode":0,"name":"Shaded","section":"Shading Mode"},"sceneLighting":true,"audioPlay":false,"sceneViewState":{"m_AlwaysRefresh":false,"showFog":true,"showSkybox":true,"showFlares":true,"showImageEffects":true,"showParticleSystems":true,"showVisualEffectGraphs":true,"m_FxEnabled":true},"in2DMode":false,"pivot":{"x":1.802112102508545,"y":5.562814712524414,"z":2.8693904876708986},"rotation":{"x":0.010920272208750248,"y":-0.9755032062530518,"z":0.21404649317264558,"w":0.04979140684008598},"size":12.50239086151123,"orthographic":true}